count_point_id,region_id,region_name,local_authority_id,local_authority_name,road_name,road_type,start_junction_road_name,end_junction_road_name,easting,northing,latitude,longitude,link_length_km,link_length_miles
997250,9,"South East",142,Oxfordshire,C,Minor,,,474890,200710,51.70014918,-0.91775448,,
997228,9,"South East",142,Oxfordshire,B4009,Minor,,,470053,196139,51.65968052,-0.98864851,,
997224,9,"South East",142,Oxfordshire,C,Minor,,,469633,194116,51.64154617,-0.99512153,,
997116,9,"South East",142,Oxfordshire,U,Minor,,,447090,214818,51.83000168,-1.31806816,,
997096,9,"South East",142,Oxfordshire,U,Minor,,,444800,240500,52.06107582,-1.34795847,,
997039,9,"South East",142,Oxfordshire,C,Minor,,,435703,209131,51.77971351,-1.48388359,,
996996,9,"South East",142,Oxfordshire,B4507,Minor,,,429454,187182,51.58273396,-1.57630521,,
990505,9,"South East",142,Oxfordshire,B4495,Minor,,,453320,207770,51.76608019,-1.22875269,,
990085,9,"South East",142,Oxfordshire,B4027,Minor,,,453430,213110,51.81407738,-1.22633817,,
990084,9,"South East",142,Oxfordshire,B4493,Minor,,,451890,189922,51.60575346,-1.25212036,,
979249,9,"South East",142,Oxfordshire,C,Minor,,,451909,229274,51.95953623,-1.24597307,,
979203,9,"South East",142,Oxfordshire,C,Minor,,,433284,215648,51.83845431,-1.51832205,,
979180,9,"South East",142,Oxfordshire,B4017,Minor,,,445863,204424,51.73665705,-1.33724237,,
979118,9,"South East",142,Oxfordshire,U,Minor,,,452469,207958,51.76785058,-1.24105484,,
979092,9,"South East",142,Oxfordshire,U,Minor,,,460582,188600,51.59300205,-1.12685302,,
979078,9,"South East",142,Oxfordshire,U,Minor,,,461655,189373,51.59983531,-1.11122993,,
967658,9,"South East",142,Oxfordshire,U,Minor,,,454080,206400,51.75369085,-1.21795353,,
967657,9,"South East",142,Oxfordshire,U,Minor,,,451000,197550,51.67441417,-1.26386131,,
967654,9,"South East",142,Oxfordshire,U,Minor,,,451796,189077,51.59816509,-1.25360209,,
967652,9,"South East",142,Oxfordshire,U,Minor,,,454820,204380,51.73545881,-1.20755207,,
966794,9,"South East",142,Oxfordshire,U,Minor,,,475007,178457,51.50008565,-0.92081334,,
966791,9,"South East",142,Oxfordshire,B480,Minor,,,469800,192500,51.62699788,-0.99303028,,
966790,9,"South East",142,Oxfordshire,B4100,Minor,,,457000,226500,51.93410089,-1.17235034,,
966787,9,"South East",142,Oxfordshire,B4031,Minor,,,447400,231800,51.98264693,-1.31123960,,
966783,9,"South East",142,Oxfordshire,B4449,Minor,,,433536,202836,51.72325033,-1.51589834,,
965000,9,"South East",142,Oxfordshire,U,Minor,,,470000,206000,51.74833501,-0.98743798,,
964440,9,"South East",142,Oxfordshire,U,Minor,,,451100,210000,51.78633510,-1.26059182,,
962516,9,"South East",142,Oxfordshire,B4450,Minor,,,428200,224000,51.91382310,-1.59142922,,
962209,9,"South East",142,Oxfordshire,B478,Minor,,,475020,176100,51.47889477,-0.92112624,,
961624,9,"South East",142,Oxfordshire,B4022,Minor,,,436100,219000,51.86841626,-1.47710353,,
955382,9,"South East",142,Oxfordshire,U,Minor,,,425900,208220,51.77206042,-1.62604287,,
952603,9,"South East",142,Oxfordshire,U,Minor,,,466291,178909,51.50523691,-1.04627454,,
952535,9,"South East",142,Oxfordshire,U,Minor,,,429580,191820,51.62442790,-1.57409708,,
952241,9,"South East",142,Oxfordshire,U,Minor,,,459164,221582,51.88966357,-1.14172204,,
952227,9,"South East",142,Oxfordshire,U,Minor,,,451180,205250,51.74362386,-1.26013033,,
952219,9,"South East",142,Oxfordshire,U,Minor,,,447560,240890,52.06435240,-1.30764991,,
952214,9,"South East",142,Oxfordshire,U,Minor,,,442690,221670,51.89195647,-1.38106915,,
952208,9,"South East",142,Oxfordshire,U,Minor,,,437358,231071,51.97685693,-1.45752777,,
951857,9,"South East",142,Oxfordshire,U,Minor,,,423358,203880,51.73315116,-1.66317257,,
951856,9,"South East",142,Oxfordshire,B4000,Minor,,,428121,183458,51.54931700,-1.59583980,,
945967,9,"South East",142,Oxfordshire,U,Minor,,,452168,190367,51.60972861,-1.24804042,,
945966,9,"South East",142,Oxfordshire,U,Minor,,,424201,188948,51.59886134,-1.65199536,,
945965,9,"South East",142,Oxfordshire,U,Minor,,,455806,207943,51.76739200,-1.19270460,,
945964,9,"South East",142,Oxfordshire,U,Minor,,,427470,206280,51.75454366,-1.60344275,,
945963,9,"South East",142,Oxfordshire,U,Minor,,,452205,189549,51.60236900,-1.24762770,,
945962,9,"South East",142,Oxfordshire,U,Minor,,,449895,210195,51.78819672,-1.27803154,,
945961,9,"South East",142,Oxfordshire,U,Minor,,,460628,189354,51.59977577,-1.12605901,,
945960,9,"South East",142,Oxfordshire,U,Minor,,,451229,208401,51.77194600,-1.25895730,,
945959,9,"South East",142,Oxfordshire,U,Minor,,,475863,181852,51.53049000,-0.90775432,,
945958,9,"South East",142,Oxfordshire,U,Minor,,,431690,227152,51.94197428,-1.54040327,,
945957,9,"South East",142,Oxfordshire,U,Minor,,,451353,190322,51.60939700,-1.25981530,,
945956,9,"South East",142,Oxfordshire,U,Minor,,,457656,223789,51.90966196,-1.16326312,,
945955,9,"South East",142,Oxfordshire,U,Minor,,,454243,202269,51.71653500,-1.21623500,,
945954,9,"South East",142,Oxfordshire,U,Minor,,,447825,205728,51.74821700,-1.30865329,,
945953,9,"South East",142,Oxfordshire,U,Minor,,,427785,206131,51.75318855,-1.59889132,,
945952,9,"South East",142,Oxfordshire,U,Minor,,,452982,204482,51.73655219,-1.23415005,,
945951,9,"South East",142,Oxfordshire,U,Minor,,,453114,204954,51.74078100,-1.23216680,,
945950,9,"South East",142,Oxfordshire,U,Minor,,,450901,206701,51.75669419,-1.26395896,,
945949,9,"South East",142,Oxfordshire,U,Minor,,,455216,207408,51.76264236,-1.20133838,,
945948,9,"South East",142,Oxfordshire,U,Minor,,,453175,203115,51.72424300,-1.23156380,,
945947,9,"South East",142,Oxfordshire,U,Minor,,,446400,239459,52.05158588,-1.32476360,,
945946,9,"South East",142,Oxfordshire,U,Minor,,,434385,209185,51.78028128,-1.50298201,,
945945,9,"South East",142,Oxfordshire,U,Minor,,,454852,205400,51.74462400,-1.20692830,,
945944,9,"South East",142,Oxfordshire,U,Minor,,,455517,203135,51.72419751,-1.19765801,,
945943,9,"South East",142,Oxfordshire,U,Minor,,,440038,198342,51.68241900,-1.42228800,,
945942,9,"South East",142,Oxfordshire,U,Minor,,,453125,191000,51.61532900,-1.23412600,,
945941,9,"South East",142,Oxfordshire,U,Minor,,,439040,188162,51.59096445,-1.43785449,,
945940,9,"South East",142,Oxfordshire,U,Minor,,,428046,207874,51.76884662,-1.59497032,,
945939,9,"South East",142,Oxfordshire,U,Minor,,,443645,241045,52.06606600,-1.36473470,,
945938,9,"South East",142,Oxfordshire,U,Minor,,,453393,191088,51.61609616,-1.23024235,,
945937,9,"South East",142,Oxfordshire,U,Minor,,,440256,188148,51.59075200,-1.42030420,,
945936,9,"South East",142,Oxfordshire,U,Minor,,,447611,212756,51.81141959,-1.31079119,,
945935,9,"South East",142,Oxfordshire,U,Minor,,,457188,205123,51.74190237,-1.17314295,,
945934,9,"South East",142,Oxfordshire,U,Minor,,,447363,194138,51.64405400,-1.31691490,,
945933,9,"South East",142,Oxfordshire,U,Minor,,,434902,209845,51.78618322,-1.49542211,,
945932,9,"South East",142,Oxfordshire,U,Minor,,,446999,204458,51.73686885,-1.32078820,,
945931,9,"South East",142,Oxfordshire,U,Minor,,,439383,187797,51.58765898,-1.43294440,,
945930,9,"South East",142,Oxfordshire,U,Minor,,,431164,227197,51.94240845,-1.54805085,,
945929,9,"South East",142,Oxfordshire,U,Minor,,,424919,190270,51.61071645,-1.64153598,,
945928,9,"South East",142,Oxfordshire,U,Minor,,,453306,185656,51.56726792,-1.23232215,,
945927,9,"South East",142,Oxfordshire,U,Minor,,,449091,188904,51.59685142,-1.29267580,,
945926,9,"South East",142,Oxfordshire,U,Minor,,,455221,202911,51.72221286,-1.20197832,,
945925,9,"South East",142,Oxfordshire,U,Minor,,,445726,239067,52.04811768,-1.33464410,,
945924,9,"South East",142,Oxfordshire,U,Minor,,,454673,204022,51.73225463,-1.20973668,,
945923,9,"South East",142,Oxfordshire,U,Minor,,,452658,204690,51.73845100,-1.23881020,,
945922,9,"South East",142,Oxfordshire,U,Minor,,,445616,240904,52.06464135,-1.33600328,,
945920,9,"South East",142,Oxfordshire,U,Minor,,,472862,199157,51.68645300,-0.94741775,,
945919,9,"South East",142,Oxfordshire,U,Minor,,,468907,194797,51.64775600,-1.00547750,,
945918,9,"South East",142,Oxfordshire,U,Minor,,,455919,216936,51.84823036,-1.18961916,,
945917,9,"South East",142,Oxfordshire,U,Minor,,,439416,203999,51.73332518,-1.43064628,,
945916,9,"South East",142,Oxfordshire,U,Minor,,,452031,202690,51.72052900,-1.24818780,,
945915,9,"South East",142,Oxfordshire,U,Minor,,,477086,179081,51.50541598,-0.89073228,,
945913,9,"South East",142,Oxfordshire,C,Minor,,,458968,229482,51.96070200,-1.14321890,,
945911,9,"South East",142,Oxfordshire,C,Minor,,,472124,188759,51.59307438,-0.96023092,,
945910,9,"South East",142,Oxfordshire,U,Minor,,,460344,228883,51.95517156,-1.12330081,,
945909,9,"South East",142,Oxfordshire,C,Minor,,,431182,228718,51.95608000,-1.54765150,,
945908,9,"South East",142,Oxfordshire,U,Minor,,,452689,218404,51.86174140,-1.23628167,,
945907,9,"South East",142,Oxfordshire,U,Minor,,,452614,198995,51.68725676,-1.24030531,,
945905,9,"South East",142,Oxfordshire,U,Minor,,,428903,208054,51.77042000,-1.58253650,,
945904,9,"South East",142,Oxfordshire,U,Minor,,,435980,216244,51.84364605,-1.47913231,,
945903,9,"South East",142,Oxfordshire,U,Minor,,,435129,212900,51.81363400,-1.49182290,,
945902,9,"South East",142,Oxfordshire,U,Minor,,,469738,177610,51.49314463,-0.99687466,,
945901,9,"South East",142,Oxfordshire,U,Minor,,,435605,235356,52.01549523,-1.48260426,,
945900,9,"South East",142,Oxfordshire,C,Minor,,,452892,185868,51.56921282,-1.23826272,,
945899,9,"South East",142,Oxfordshire,C,Minor,,,435201,209984,51.78741300,-1.49107360,,
945898,9,"South East",142,Oxfordshire,C,Minor,,,458339,205053,51.74115465,-1.15648658,,
945897,9,"South East",142,Oxfordshire,C,Minor,,,457153,196042,51.66026400,-1.17513520,,
945896,9,"South East",142,Oxfordshire,C,Minor,,,451494,206660,51.75627150,-1.25537455,,
945895,9,"South East",142,Oxfordshire,C,Minor,,,449680,196848,51.66821900,-1.28304850,,
945894,9,"South East",142,Oxfordshire,C,Minor,,,457379,183861,51.55072900,-1.17385770,,
945893,9,"South East",142,Oxfordshire,C,Minor,,,469270,184280,51.55316400,-1.00230550,,
945892,9,"South East",142,Oxfordshire,C,Minor,,,447999,248921,52.13651227,-1.30011796,,
945891,9,"South East",142,Oxfordshire,C,Minor,,,447836,221497,51.88998433,-1.30632109,,
945890,9,"South East",142,Oxfordshire,C,Minor,,,446867,221247,51.88781889,-1.32043403,,
945889,9,"South East",142,Oxfordshire,C,Minor,,,463766,182239,51.53546300,-1.08204800,,
945888,9,"South East",142,Oxfordshire,C,Minor,,,437738,239867,52.05590963,-1.45102917,,
945887,9,"South East",142,Oxfordshire,C,Minor,,,440156,195360,51.65560212,-1.42092311,,
945885,9,"South East",142,Oxfordshire,C,Minor,,,461799,223473,51.90637600,-1.10310070,,
945884,9,"South East",142,Oxfordshire,C,Minor,,,440530,242297,52.07755900,-1.41002429,,
945883,9,"South East",142,Oxfordshire,C,Minor,,,457725,226943,51.93800881,-1.16173233,,
945882,9,"South East",142,Oxfordshire,C,Minor,,,466389,183551,51.54695781,-1.04398940,,
945881,9,"South East",142,Oxfordshire,C,Minor,,,432275,185982,51.57178900,-1.53570290,,
945880,9,"South East",142,Oxfordshire,C,Minor,,,462578,192325,51.62627269,-1.09737945,,
945879,9,"South East",142,Oxfordshire,C,Minor,,,461790,185993,51.56943351,-1.10987488,,
945877,9,"South East",142,Oxfordshire,C,Minor,,,431178,221414,51.89041400,-1.54836890,,
945876,9,"South East",142,Oxfordshire,C,Minor,,,469278,204490,51.73485014,-0.99819476,,
945875,9,"South East",142,Oxfordshire,C,Minor,,,464923,205237,51.74208604,-1.06111039,,
945874,9,"South East",142,Oxfordshire,C,Minor,,,440736,233209,51.99584138,-1.40809817,,
945873,9,"South East",142,Oxfordshire,C,Minor,,,454724,193842,51.64072820,-1.21059120,,
945872,9,"South East",142,Oxfordshire,C,Minor,,,453588,201678,51.71128400,-1.22580580,,
945871,9,"South East",142,Oxfordshire,C,Minor,,,446008,250973,52.15512841,-1.32892846,,
945870,9,"South East",142,Oxfordshire,B4494,Minor,,,440048,187604,51.58587700,-1.42336832,,
945869,9,"South East",142,Oxfordshire,B4016,Minor,,,453279,189563,51.60239500,-1.23212000,,
945868,9,"South East",142,Oxfordshire,B4495,Minor,,,451930,204216,51.73425700,-1.24942260,,
945867,9,"South East",142,Oxfordshire,B4495,Minor,,,454299,204062,51.73265051,-1.21514542,,
945866,9,"South East",142,Oxfordshire,B4100,Minor,,,458298,222688,51.89969743,-1.15411736,,
945865,9,"South East",142,Oxfordshire,B480,Minor,,,455510,203577,51.72817000,-1.19768910,,
945864,9,"South East",142,Oxfordshire,B4449,Minor,,,440396,205583,51.74749500,-1.41627300,,
945863,9,"South East",142,Oxfordshire,B4508,Minor,,,423985,190904,51.61645720,-1.65498061,,
945862,9,"South East",142,Oxfordshire,B4047,Minor,,,430130,210428,51.79170120,-1.56454986,,
945861,9,"South East",142,Oxfordshire,B4016,Minor,,,452637,193461,51.63750000,-1.24080430,,
945860,9,"South East",142,Oxfordshire,B4027,Minor,,,458089,208484,51.77202561,-1.15953460,,
945859,9,"South East",142,Oxfordshire,B4030,Minor,,,442564,225502,51.92641500,-1.38242780,,
945858,9,"South East",142,Oxfordshire,B4437,Minor,,,428606,216370,51.84520387,-1.58615678,,
945857,9,"South East",142,Oxfordshire,B4000,Minor,,,423757,187941,51.58982400,-1.65847330,,
945856,9,"South East",142,Oxfordshire,B4030,Minor,,,454400,223449,51.90693220,-1.21064409,,
945855,9,"South East",142,Oxfordshire,B4020,Minor,,,426561,209410,51.78272867,-1.61637282,,
945854,9,"South East",142,Oxfordshire,B4027,Minor,,,448328,218086,51.85927500,-1.29964900,,
945853,9,"South East",142,Oxfordshire,B4027,Minor,,,443211,220955,51.88548700,-1.37358820,,
945852,9,"South East",142,Oxfordshire,B4016,Minor,,,453190,192584,51.62956508,-1.23294732,,
945851,9,"South East",142,Oxfordshire,B4035,Minor,,,439607,237420,52.03377900,-1.42405530,,
945849,9,"South East",142,Oxfordshire,B4001,Minor,,,435757,188106,51.59067822,-1.48524800,,
945848,9,"South East",142,Oxfordshire,B4022,Minor,,,436037,219930,51.87678000,-1.47792170,,
945847,9,"South East",142,Oxfordshire,B4449,Minor,,,437908,203051,51.72490400,-1.45258440,,
945846,9,"South East",142,Oxfordshire,B4449,Minor,,,442995,208764,51.77590100,-1.37823680,,
945845,9,"South East",142,Oxfordshire,B471,Minor,,,463700,178687,51.50353854,-1.08364034,,
945844,9,"South East",142,Oxfordshire,B480,Minor,,,474532,184533,51.55477068,-0.92637134,,
945843,9,"South East",142,Oxfordshire,B4477,Minor,,,428776,207500,51.76544716,-1.58442260,,
945842,9,"South East",142,Oxfordshire,B4100,Minor,,,448344,235506,52.01588279,-1.29697401,,
945841,9,"South East",142,Oxfordshire,B4009,Minor,,,466103,192532,51.62773128,-1.04642481,,
945840,9,"South East",142,Oxfordshire,B4508,Minor,,,432024,193920,51.64317565,-1.53860190,,
945839,9,"South East",142,Oxfordshire,B4009,Minor,,,463480,192756,51.63004500,-1.08427280,,
945838,9,"South East",142,Oxfordshire,B480,Minor,,,471739,190194,51.60602388,-0.96549469,,
945837,9,"South East",142,Oxfordshire,B4437,Minor,,,433817,219363,51.87182100,-1.51022420,,
945836,9,"South East",142,Oxfordshire,B4035,Minor,,,442489,238795,52.04592800,-1.38187610,,
945835,9,"South East",142,Oxfordshire,B4022,Minor,,,437572,223589,51.90957657,-1.45522746,,
945834,9,"South East",142,Oxfordshire,B430,Minor,,,454119,226785,51.93694800,-1.21420500,,
945833,9,"South East",142,Oxfordshire,B4017,Minor,,,446543,203590,51.72910100,-1.32750710,,
942536,9,"South East",142,Oxfordshire,U,Minor,,,429250,195570,51.65816134,-1.57855172,,
942240,9,"South East",142,Oxfordshire,U,Minor,,,459320,204440,51.73554094,-1.14238492,,
940238,9,"South East",142,Oxfordshire,B4022,Minor,,,438817,227694,51.94639693,-1.43666832,,
931331,9,"South East",142,Oxfordshire,C,Minor,,,452300,201890,51.71331316,-1.24441385,,
931330,9,"South East",142,Oxfordshire,U,Minor,,,458770,223970,51.91117293,-1.14704003,,
931329,9,"South East",142,Oxfordshire,U,Minor,,,446390,238740,52.04512291,-1.32500677,,
931328,9,"South East",142,Oxfordshire,C,Minor,,,444150,242240,52.07677050,-1.35721426,,
931327,9,"South East",142,Oxfordshire,U,Minor,,,446680,241140,52.06667457,-1.32045148,,
931326,9,"South East",142,Oxfordshire,C,Minor,,,433680,209810,51.78594320,-1.51314034,,
931325,9,"South East",142,Oxfordshire,C,Minor,,,427620,206520,51.75669412,-1.60125076,,
931324,9,"South East",142,Oxfordshire,U,Minor,,,453190,190660,51.61226741,-1.23323881,,
931323,9,"South East",142,Oxfordshire,U,Minor,,,449630,196430,51.66446725,-1.28383064,,
931322,9,"South East",142,Oxfordshire,C,Minor,,,449570,202060,51.71508887,-1.28390010,,
931321,9,"South East",142,Oxfordshire,C,Minor,,,425240,188720,51.59676597,-1.63701152,,
931320,9,"South East",142,Oxfordshire,C,Minor,,,430340,206680,51.75799246,-1.56183145,,
931319,9,"South East",142,Oxfordshire,C,Minor,,,444540,234970,52.01138168,-1.35246895,,
931318,9,"South East",142,Oxfordshire,C,Minor,,,425000,218300,51.86272837,-1.63836171,,
931317,9,"South East",142,Oxfordshire,C,Minor,,,444740,192550,51.62999309,-1.35502184,,
931316,9,"South East",142,Oxfordshire,C,Minor,,,459310,218580,51.86266049,-1.14011565,,
931315,9,"South East",142,Oxfordshire,C,Minor,,,425800,200100,51.69905882,-1.62809142,,
931314,9,"South East",142,Oxfordshire,C,Minor,,,445870,211470,51.80000317,-1.33621284,,
931313,9,"South East",142,Oxfordshire,C,Minor,,,438900,208860,51.77706461,-1.43757533,,
931312,9,"South East",142,Oxfordshire,C,Minor,,,455700,201990,51.71388558,-1.19519164,,
930021,9,"South East",142,Oxfordshire,B4020,Minor,,,427590,204320,51.73691569,-1.60185919,,
916464,9,"South East",142,Oxfordshire,B430,Minor,,,453400,223200,51.90479024,-1.22521723,,
820054,9,"South East",142,Oxfordshire,U,Minor,,,469738,177610,51.49314300,-0.99687470,,
820053,9,"South East",142,Oxfordshire,U,Minor,,,445616,240904,52.06464000,-1.33600330,,
820052,9,"South East",142,Oxfordshire,U,Minor,,,455517,203135,51.72419600,-1.19765800,,
812178,9,"South East",142,Oxfordshire,U,Minor,,,439061,212879,51.81318500,-1.43479060,,
812130,9,"South East",142,Oxfordshire,B481,Minor,,,470085,186955,51.57711200,-0.99002005,,
812039,9,"South East",142,Oxfordshire,B,Minor,,,437534,224683,51.91941300,-1.45566100,,
811997,9,"South East",142,Oxfordshire,U,Minor,,,447659,236067,52.02098400,-1.30687670,,
810910,9,"South East",142,Oxfordshire,U,Minor,,,460401,189637,51.60234300,-1.12928740,,
810891,9,"South East",142,Oxfordshire,U,Minor,,,442638,235600,52.01719300,-1.38010080,,
810797,9,"South East",142,Oxfordshire,U,Minor,,,423897,204311,51.73700200,-1.65533850,,
810688,9,"South East",142,Oxfordshire,U,Minor,,,443545,225840,51.92937800,-1.36812010,,
810626,9,"South East",142,Oxfordshire,U,Minor,,,455509,206006,51.75000800,-1.19731680,,
810591,9,"South East",142,Oxfordshire,B4035,Minor,,,437794,237867,52.03792400,-1.45043300,,
810487,9,"South East",142,Oxfordshire,U,Minor,,,459002,186393,51.57332600,-1.15002890,,
810469,9,"South East",142,Oxfordshire,U,Minor,,,441699,214091,51.82389100,-1.39638080,,
810426,9,"South East",142,Oxfordshire,U,Minor,,,439597,217278,51.85269600,-1.42651390,,
810242,9,"South East",142,Oxfordshire,U,Minor,,,470896,180193,51.51622000,-0.97967912,,
809904,9,"South East",142,Oxfordshire,U,Minor,,,453580,204853,51.73982900,-1.22543410,,
809783,9,"South East",142,Oxfordshire,C,Minor,,,445905,228544,51.95349900,-1.33344030,,
809732,9,"South East",142,Oxfordshire,B4508,Minor,,,427631,190861,51.61590200,-1.60232600,,
809697,9,"South East",142,Oxfordshire,B4027,Minor,,,452098,215098,51.83207400,-1.24536010,,
809661,9,"South East",142,Oxfordshire,U,Minor,,,452331,199134,51.68853100,-1.24437790,,
809467,9,"South East",142,Oxfordshire,U,Minor,,,434019,193485,51.63914600,-1.50981440,,
809363,9,"South East",142,Oxfordshire,U,Minor,,,468660,201756,51.71034600,-1.00768060,,
809151,9,"South East",142,Oxfordshire,B4022,Minor,,,435240,212808,51.81280000,-1.49022210,,
809094,9,"South East",142,Oxfordshire,U,Minor,,,435232,233339,51.99738400,-1.48824590,,
808942,9,"South East",142,Oxfordshire,U,Minor,,,459715,193855,51.64033700,-1.13847350,,
808851,9,"South East",142,Oxfordshire,U,Minor,,,441898,193125,51.63537900,-1.39601010,,
808746,9,"South East",142,Oxfordshire,B480,Minor,,,456020,203205,51.72291300,-1.18634510,,
808744,9,"South East",142,Oxfordshire,U,Minor,,,470740,180583,51.51974600,-0.98184876,,
808730,9,"South East",142,Oxfordshire,B4027,Minor,,,459181,206715,51.75600600,-1.14401120,,
808720,9,"South East",142,Oxfordshire,U,Minor,,,447593,212710,51.81100600,-1.31105860,,
808656,9,"South East",142,Oxfordshire,U,Minor,,,444534,216645,51.84663500,-1.35492180,,
808357,9,"South East",142,Oxfordshire,U,Minor,,,430851,226121,51.93275000,-1.55270020,,
808217,9,"South East",142,Oxfordshire,U,Minor,,,435923,219505,51.87296600,-1.47962170,,
808190,9,"South East",142,Oxfordshire,U,Minor,,,424202,188947,51.59885100,-1.65198100,,
808133,9,"South East",142,Oxfordshire,U,Minor,,,459700,221793,51.89150200,-1.13389820,,
808032,9,"South East",142,Oxfordshire,U,Minor,,,445858,196804,51.66814800,-1.33831450,,
807955,9,"South East",142,Oxfordshire,U,Minor,,,442938,209920,51.78629800,-1.37892030,,
807803,9,"South East",142,Oxfordshire,U,Minor,,,429287,195496,51.65749200,-1.57802310,,
807722,9,"South East",142,Oxfordshire,B4001,Minor,,,436141,187391,51.58422400,-1.47977870,,
807349,9,"South East",142,Oxfordshire,U,Minor,,,446657,231591,51.98082900,-1.32208570,,
807296,9,"South East",142,Oxfordshire,B4022,Minor,,,435725,210900,51.79561500,-1.48338320,,
807273,9,"South East",142,Oxfordshire,U,Minor,,,441252,241762,52.07269400,-1.39955450,,
807240,9,"South East",142,Oxfordshire,U,Minor,,,447703,211973,51.80437100,-1.30956440,,
807188,9,"South East",142,Oxfordshire,U,Minor,,,445320,216831,51.84824400,-1.34348820,,
807043,9,"South East",142,Oxfordshire,U,Minor,,,470443,181042,51.52391000,-0.98603695,,
807031,9,"South East",142,Oxfordshire,U,Minor,,,464066,196709,51.66551600,-1.07508500,,
807024,9,"South East",142,Oxfordshire,U,Minor,,,470440,206024,51.74849400,-0.98106078,,
807005,9,"South East",142,Oxfordshire,B4027,Minor,,,443734,220523,51.88156200,-1.36604460,,
806955,9,"South East",142,Oxfordshire,U,Minor,,,444424,216928,51.84918800,-1.35648230,,
806944,9,"South East",142,Oxfordshire,B4494,Minor,,,440508,187100,51.58131100,-1.41678740,,
806753,9,"South East",142,Oxfordshire,U,Minor,,,457889,194003,51.64185800,-1.16483290,,
806711,9,"South East",142,Oxfordshire,U,Minor,,,431085,226619,51.93721500,-1.54925210,,
806622,9,"South East",142,Oxfordshire,U,Minor,,,428459,194669,51.65009900,-1.59005940,,
806614,9,"South East",142,Oxfordshire,U,Minor,,,462212,191921,51.62267900,-1.10273770,,
806564,9,"South East",142,Oxfordshire,U,Minor,,,441311,212804,51.81234900,-1.40216320,,
806290,9,"South East",142,Oxfordshire,B4493,Minor,,,449099,189049,51.59815300,-1.29254010,,
806211,9,"South East",142,Oxfordshire,B4495,Minor,,,453725,204013,51.73226400,-1.22346380,,
806081,9,"South East",142,Oxfordshire,C,Minor,,,426877,218272,51.86238800,-1.61110720,,
805952,9,"South East",142,Oxfordshire,C,Minor,,,428349,194810,51.65137200,-1.59163790,,
805937,9,"South East",142,Oxfordshire,C,Minor,,,435763,219521,51.87312000,-1.48194400,,
805830,9,"South East",142,Oxfordshire,C,Minor,,,436132,216469,51.84565700,-1.47690260,,
805814,9,"South East",142,Oxfordshire,C,Minor,,,432321,215478,51.83698100,-1.53231430,,
805587,9,"South East",142,Oxfordshire,C,Minor,,,429990,189825,51.60877600,-1.57004120,,
805537,9,"South East",142,Oxfordshire,B4026,Minor,,,435005,221632,51.89214700,-1.49274010,,
805324,9,"South East",142,Oxfordshire,U,Minor,,,459681,222157,51.89477600,-1.13411140,,
805284,9,"South East",142,Oxfordshire,U,Minor,,,452823,189664,51.60334600,-1.23868820,,
804028,9,"South East",142,Oxfordshire,U,Minor,,,450201,209974,51.78618100,-1.27362750,,
804027,9,"South East",142,Oxfordshire,U,Minor,,,440097,188112,51.59043900,-1.42260330,,
804026,9,"South East",142,Oxfordshire,U,Minor,,,449672,196160,51.66203400,-1.28326180,,
804025,9,"South East",142,Oxfordshire,U,Minor,,,454313,207322,51.76195600,-1.21443470,,
804024,9,"South East",142,Oxfordshire,U,Minor,,,436819,210843,51.79503200,-1.46752670,,
804021,9,"South East",142,Oxfordshire,U,Minor,,,444931,241168,52.06706900,-1.34596020,,
804020,9,"South East",142,Oxfordshire,U,Minor,,,452360,189995,51.60636500,-1.24532350,,
804019,9,"South East",142,Oxfordshire,U,Minor,,,459468,223631,51.90805000,-1.13695260,,
802530,9,"South East",142,Oxfordshire,U,Minor,,,463023,231260,51.97624200,-1.08388660,,
802529,9,"South East",142,Oxfordshire,U,Minor,,,459891,180734,51.52235600,-1.13816420,,
802528,9,"South East",142,Oxfordshire,U,Minor,,,461784,187591,51.58379900,-1.10968090,,
802527,9,"South East",142,Oxfordshire,U,Minor,,,449400,189593,51.60301700,-1.28811840,,
802525,9,"South East",142,Oxfordshire,U,Minor,,,462966,229280,51.95152100,-1.08801350,,
802524,9,"South East",142,Oxfordshire,U,Minor,,,425199,211682,51.80321700,-1.63595170,,
802523,9,"South East",142,Oxfordshire,U,Minor,,,443306,236278,52.02323700,-1.37028200,,
802522,9,"South East",142,Oxfordshire,U,Minor,,,435025,233294,51.99699200,-1.49126530,,
802521,9,"South East",142,Oxfordshire,U,Minor,,,442882,209391,51.78154700,-1.37979730,,
802520,9,"South East",142,Oxfordshire,C,Minor,,,464257,217440,51.85186400,-1.06849770,,
802518,9,"South East",142,Oxfordshire,U,Minor,,,436097,219270,51.87084200,-1.47711900,,
802517,9,"South East",142,Oxfordshire,U,Minor,,,447739,240912,52.06453300,-1.30503600,,
801333,9,"South East",142,Oxfordshire,C,Minor,,,449703,196727,51.66712900,-1.28273320,,
801332,9,"South East",142,Oxfordshire,C,Minor,,,446046,240014,52.05660300,-1.32985100,,
801047,9,"South East",142,Oxfordshire,C,Minor,,,439745,214776,51.83019200,-1.42465200,,
801046,9,"South East",142,Oxfordshire,U,Minor,,,429612,212183,51.80750600,-1.57191080,,
801044,9,"South East",142,Oxfordshire,U,Minor,,,466606,184136,51.55219000,-1.04074990,,
801042,9,"South East",142,Oxfordshire,U,Minor,,,472952,188700,51.59243600,-0.94829256,,
801041,9,"South East",142,Oxfordshire,C,Minor,,,455780,191998,51.62404500,-1.19562600,,
801040,9,"South East",142,Oxfordshire,C,Minor,,,434515,230381,51.97083500,-1.49898540,,
801039,9,"South East",142,Oxfordshire,C,Minor,,,443446,211144,51.79726400,-1.37140320,,
801038,9,"South East",142,Oxfordshire,C,Minor,,,436041,212766,51.81478500,-1.47553370,,
801037,9,"South East",142,Oxfordshire,C,Minor,,,462997,202810,51.72048500,-1.08943960,,
801036,9,"South East",142,Oxfordshire,C,Minor,,,459925,203448,51.72655700,-1.13379540,,
801035,9,"South East",142,Oxfordshire,C,Minor,,,463301,233167,51.99687700,-1.08168860,,
801034,9,"South East",142,Oxfordshire,C,Minor,,,463001,207662,51.76410400,-1.08850460,,
801033,9,"South East",142,Oxfordshire,C,Minor,,,436329,214196,51.82520900,-1.47428100,,
801031,9,"South East",142,Oxfordshire,C,Minor,,,437977,191802,51.62376200,-1.45280500,,
801030,9,"South East",142,Oxfordshire,C,Minor,,,472020,178871,51.50419400,-0.96375310,,
801029,9,"South East",142,Oxfordshire,U,Minor,,,451278,229878,51.96502300,-1.25506530,,
800135,9,"South East",142,Oxfordshire,B4009,Minor,,,472525,198363,51.67935900,-0.95245643,,
800134,9,"South East",142,Oxfordshire,B4507,Minor,,,428274,186824,51.57957400,-1.59336360,,
99878,9,"South East",142,Oxfordshire,A4074,Major,A4130W,A4130E,462000,188510,51.59203700,-1.10640180,1.10,0.68
99501,9,"South East",142,Oxfordshire,A436,Major,"LA Boundary",A44,426300,228000,51.94987600,-1.61874680,1.60,0.99
99499,9,"South East",142,Oxfordshire,A422,Major,A361,A4260,445600,241730,52.07206700,-1.33612660,0.60,0.37
99498,9,"South East",142,Oxfordshire,A4260,Major,"B4100 OXFORD RD","A 422 HENNEF WAY",445950,241300,52.06817200,-1.33107840,2.10,1.30
99497,9,"South East",142,Oxfordshire,A418,Major,M40,A40,463000,204815,51.73851000,-1.08903400,1.00,0.62
99496,9,"South East",142,Oxfordshire,A4130,Major,A329,A4074,461000,188130,51.58873000,-1.12090130,1.30,0.81
99495,9,"South East",142,Oxfordshire,A361,Major,"LA Boundary",A40,424060,207000,51.76117200,-1.65279290,11.30,7.02
99494,9,"South East",142,Oxfordshire,A338,Major,"LA Boundary",A417,439490,184870,51.56133300,-1.43172820,6.10,3.79
99237,9,"South East",142,Oxfordshire,A361,Major,M40,"LA Boundary",447200,242300,52.07705700,-1.31270640,0.90,0.56
99235,9,"South East",142,Oxfordshire,A361,Major,"LA Boundary","LA Boundary",448300,245400,52.10483100,-1.29621910,5.00,3.11
99001,9,"South East",142,Oxfordshire,A422,Major,"LA Boundary","Bretch Hill, Banbury",440500,241900,52.07399000,-1.41050900,7.10,4.41
95115,9,"South East",142,Oxfordshire,A4130,Major,"Roundabout A4074/A4130","Junction where Lambridge Wood Road intersects A4130",469760,186800,51.57575900,-0.99473998,14.60,9.07
93122,9,"South East",142,Oxfordshire,A43,Major,"M 40 J 10","LA Boundary",454939,229238,51.95892000,-1.20188750,6.50,4.04
89089,9,"South East",142,Oxfordshire,A423,Major,A34(T),"Abingdon Rd",451660,203508,51.72791700,-1.25343690,1.10,0.68
81130,9,"South East",142,Oxfordshire,A417,Major,"Warmans Close",A338,439510,188550,51.59441900,-1.43102690,2.40,1.49
81129,9,"South East",142,Oxfordshire,A338,Major,A417,"Oxford Lane",440060,189250,51.60067300,-1.42300780,1.80,1.12
81128,9,"South East",142,Oxfordshire,A338,Major,A417,A417,440080,188560,51.59446800,-1.42279760,1.20,0.75
80671,9,"South East",142,Oxfordshire,A417,Major,"Charlton Village Road","Wantage Ormond Road",440500,188000,51.58940300,-1.41679930,0.80,0.50
80670,9,"South East",142,Oxfordshire,A338,Major,A415,"Oxford Lane",442144,193298,51.63691600,-1.39243510,7.30,4.54
80669,9,"South East",142,Oxfordshire,A417,Major,"Warmans Close",A338,439514,188080,51.59019425,-1.43102189,1.20,0.75
77524,9,"South East",142,Oxfordshire,A4095,Major,B4022,"Early Rd",436090,210500,51.79199500,-1.47813230,0.50,0.31
77523,9,"South East",142,Oxfordshire,A4095,Major,"Deer Park Rd",A415,434500,209460,51.78274500,-1.50128790,1.20,0.75
77439,9,"South East",142,Oxfordshire,A4165,Major,"Jordan Hill","A40 0xford  northern by-pass",450330,210500,51.79089800,-1.27168140,0.60,0.37
77438,9,"South East",142,Oxfordshire,A4142,Major,"Beaumont Rd",A40,455620,207200,51.76073100,-1.19551840,0.40,0.25
77437,9,"South East",142,Oxfordshire,A4142,Major,"Horspath Driftway","Beaumont Rd",455630,206000,51.74994200,-1.19556520,2.00,1.24
77436,9,"South East",142,Oxfordshire,A34,Major,"road to North Hinksey Lane","A420 Hinksey Hill",449000,205710,51.74795200,-1.29163730,1.50,0.93
77435,9,"South East",142,Oxfordshire,A423,Major,A34(T),"Abingdon Rd",451400,203540,51.72823028,-1.25719623,0.30,0.19
77434,9,"South East",142,Oxfordshire,A4074,Major,"slip to Grenoble Rd",A4142/A423,453006,202738,51.72086900,-1.23406750,1.20,0.75
77358,9,"South East",142,Oxfordshire,A4260,Major,"Langford Lane, Kidlington","A 4165",447630,216500,51.84507600,-1.31000170,2.40,1.49
77326,9,"South East",142,Oxfordshire,A4130,Major,"B481 Nettlebed","Lambridge Wood Rd, Henley",472000,185530,51.56406000,-0.96268164,5.90,3.67
77325,9,"South East",142,Oxfordshire,A4130,Major,"Lambridge Wood Rd","A4155 Marlow Rd",475894,183186,51.54247800,-0.90702036,1.20,0.75
77324,9,"South East",142,Oxfordshire,A4155,Major,"Mill Lane",A4130,476320,182000,51.53175900,-0.90113549,1.30,0.81
77308,9,"South East",142,Oxfordshire,A4130,Major,B4493,"B4016 Lady Grove",453000,191460,51.61947600,-1.23586180,3.30,2.05
77307,9,"South East",142,Oxfordshire,A4130,Major,"B4016 Broadway","B4016 Lady Grove",453690,190500,51.61078000,-1.22604310,0.90,0.56
77248,9,"South East",142,Oxfordshire,A4183,Major,A415,"Twelve Acre Drive roundabout",450220,198000,51.67852800,-1.27507580,2.20,1.37
77220,9,"South East",142,Oxfordshire,A4421,Major,A4095,"Thompson Drive",459040,224500,51.91590700,-1.14302470,0.70,0.43
77210,9,"South East",142,Oxfordshire,A422,Major,"Wildmere Rd",M40,447000,241750,52.07213000,-1.31570000,0.60,0.37
77209,9,"South East",142,Oxfordshire,A422,Major,"Bretch Hill",B4100,443650,241600,52.07105500,-1.36459100,0.40,0.25
77208,9,"South East",142,Oxfordshire,A361,Major,"Waller Drive",B4100,445000,239680,52.05368600,-1.34514930,1.40,0.87
77207,9,"South East",142,Oxfordshire,A4260,Major,"Weeping Cross","Upper Windsor St",445900,239000,52.04749900,-1.33211610,2.40,1.49
77020,9,"South East",142,Oxfordshire,A4421,Major,A4095,A41(T),460125,223037,51.90263900,-1.12750670,4.40,2.73
76097,9,"South East",142,Oxfordshire,A4185,Major,"A34 bridge","roundabout at end of A4185",448820,186120,51.57184300,-1.29697410,0.10,0.06
75033,9,"South East",142,Oxfordshire,A4144,Major,"A420 Botley Rd","A4144 Worcester St",450850,206260,51.75273408,-1.26476214,0.30,0.19
75032,9,"South East",142,Oxfordshire,A4144,Major,"A420 Botley Rd","A4144 Worcester St",450850,206350,51.75354200,-1.26474900,0.30,0.19
75031,9,"South East",142,Oxfordshire,A420,Major,"Thames St","Speedwell St",451430,205720,51.74782647,-1.25644041,0.20,0.12
75030,9,"South East",142,Oxfordshire,A420,Major,"A4144 St Aldgates","Speedwell St",451300,205650,51.74720700,-1.25833360,0.30,0.19
75029,9,"South East",142,Oxfordshire,A420,Major,"Thames St","St Aldgates",451300,205790,51.74846600,-1.25831300,0.20,0.12
75028,9,"South East",142,Oxfordshire,A417,Major,"Station Rd",A4095,428750,195450,51.65710600,-1.58578950,0.30,0.19
75027,9,"South East",142,Oxfordshire,A417,Major,"Lechlade Road","Station Rd",428600,195460,51.65720400,-1.58795700,0.20,0.12
75026,9,"South East",142,Oxfordshire,A417,Major,"Lechlade Rd","A4095 Church St",428700,195570,51.65818800,-1.58650250,0.40,0.25
74033,9,"South East",142,Oxfordshire,A44,Major,"LA Boundary","LA Boundary",423350,231955,51.98556500,-1.66140040,0.70,0.43
74025,9,"South East",142,Oxfordshire,M40,Major,"LA Boundary","LA Boundary",442562,247348,52.12281400,-1.37974720,1.40,0.87
73889,9,"South East",142,Oxfordshire,A34,Major,"LA Boundary",A4185,448510,185000,51.56180000,-1.30160100,2.10,1.30
73855,9,"South East",142,Oxfordshire,M40,Major,"LA Boundary",10,452480,230000,51.96600800,-1.23755340,5.90,3.67
73853,9,"South East",142,Oxfordshire,M40,Major,"LA Boundary","LA Boundary",448200,236960,52.02896500,-1.29886790,4.40,2.73
73852,9,"South East",142,Oxfordshire,M40,Major,11,"LA Boundary",447356,241240,52.06751500,-1.31057700,1.20,0.75
73186,9,"South East",142,Oxfordshire,A4155,Major,A4130,"LA Boundary",476057,183206,51.54263600,-0.90466608,1.70,1.06
73183,9,"South East",142,Oxfordshire,A418,Major,A4129,"LA Boundary",470758,206965,51.75691300,-0.97626405,0.40,0.25
73182,9,"South East",142,Oxfordshire,A418,Major,"LA Boundary",A4129,470512,206790,51.75537100,-0.97986292,0.20,0.12
73180,9,"South East",142,Oxfordshire,M40,Major,9,"LA Boundary",456860,217500,51.85320400,-1.17586750,5.70,3.54
73179,9,"South East",142,Oxfordshire,M40,Major,8,"LA Boundary",461800,207000,51.75828600,-1.10602250,4.90,3.04
70366,9,"South East",142,Oxfordshire,A421,Major,"LA Boundary",A4421,460827,233268,51.99453700,-1.11549760,4.60,2.86
70010,9,"South East",142,Oxfordshire,A4095,Major,A4095,A4421,458000,224420,51.91529700,-1.15815700,3.40,2.11
58315,9,"South East",142,Oxfordshire,A34,Major,B430,M40,455060,219000,51.86686900,-1.20175990,2.10,1.30
58108,9,"South East",142,Oxfordshire,A4130,Major,"Hart St","New St",476073,182836,51.53930800,-0.90451527,0.20,0.12
57791,9,"South East",142,Oxfordshire,A44,Major,"High St",A3400,432000,227400,51.94418500,-1.53587080,2.20,1.37
57765,9,"South East",142,Oxfordshire,A4155,Major,B478,"Mill Lane, Henley",476855,180427,51.51754600,-0.89376693,7.00,4.35
57761,9,"South East",142,Oxfordshire,A4142,Major,A423,A4158,453152,202904,51.72234800,-1.23192890,0.90,0.56
57634,9,"South East",142,Oxfordshire,A415,Major,"A415 Stratton Way","A415 Stert St",449633,197064,51.67016500,-1.28369740,0.30,0.19
57140,9,"South East",142,Oxfordshire,A4074,Major,A329,A415,459425,192923,51.63198800,-1.14282160,4.30,2.67
57132,9,"South East",142,Oxfordshire,A4421,Major,"Thompson Drive, Bicester","LA Boundary",460208,226773,51.93621600,-1.12564850,8.60,5.34
57082,9,"South East",142,Oxfordshire,A417,Major,A4130,"LA Boundary",449921,188357,51.59185900,-1.28077190,13.60,8.45
57065,9,"South East",142,Oxfordshire,A423,Major,A422,"LA Boundary",444579,246883,52.11847500,-1.35034930,7.50,4.66
57031,9,"South East",142,Oxfordshire,A420,Major,"Speedwell St","Longwall St",451400,206000,51.75034500,-1.25683370,1.00,0.62
57014,9,"South East",142,Oxfordshire,A44,Major,"High St",A44,432550,228100,51.95044600,-1.52780360,1.60,0.99
56748,9,"South East",142,Oxfordshire,A415,Major,A338,A34,445000,196600,51.66638300,-1.35074610,3.90,2.42
56442,9,"South East",142,Oxfordshire,A40,Major,A361,"B4047 roundabout",428000,210400,51.79155800,-1.59543400,4.30,2.67
56401,9,"South East",142,Oxfordshire,A361,Major,B4100,B4100,445370,240600,52.06192700,-1.33963180,0.80,0.50
56381,9,"South East",142,Oxfordshire,A40,Major,A4165,A420,451673,209882,51.78522000,-1.25230320,6.10,3.79
56368,9,"South East",142,Oxfordshire,A3400,Major,A44,"LA Boundary",431400,230338,51.97063300,-1.54433180,3.90,2.42
56366,9,"South East",142,Oxfordshire,A34,Major,A415,"A 4130",447178,193980,51.64264900,-1.31960950,5.90,3.67
56362,9,"South East",142,Oxfordshire,A44,Major,B4022,A4095,445013,216397,51.84436700,-1.34800100,12.10,7.52
56030,9,"South East",142,Oxfordshire,M40,Major,7,6,465697,203076,51.72256700,-1.05030930,9.20,5.72
48791,9,"South East",142,Oxfordshire,A43,Major,"M 40 J 10","LA Boundary",455089,229651,51.96261800,-1.19963870,6.30,3.91
48709,9,"South East",142,Oxfordshire,A40,Major,"M40 spur/A40",M40,462230,205010,51.74034900,-1.10014880,1.30,0.81
48693,9,"South East",142,Oxfordshire,A4260,Major,A44,"A4165 roundabout",449800,212190,51.80613900,-1.27912290,1.50,0.93
48499,9,"South East",142,Oxfordshire,A4130,Major,"A4130 Thames Side","LA Boundary",476340,182640,51.53751000,-0.90070866,0.10,0.06
48498,9,"South East",142,Oxfordshire,A417,Major,"A4130 Rowstock","Charlton Village Road",444958,189211,51.59995400,-1.35229980,7.20,4.47
48137,9,"South East",142,Oxfordshire,A4155,Major,"LA Boundary",B478,473644,175667,51.47518100,-0.94102672,1.00,0.62
47933,9,"South East",142,Oxfordshire,M40,Major,8,7,465125,203337,51.72498000,-1.05854010,1.50,0.93
47726,9,"South East",142,Oxfordshire,A4185,Major,"A34 bridge",A417,448250,187350,51.58295100,-1.30502940,3.40,2.11
47709,9,"South East",142,Oxfordshire,A4129,Major,"LA Boundary",A418,472000,205900,51.74718100,-0.95849341,3.50,2.17
47696,9,"South East",142,Oxfordshire,A4095,Major,"A4260 Bunkers hill","B 430 North of weston on the Green",449980,219910,51.87552800,-1.27539950,9.10,5.65
47691,9,"South East",142,Oxfordshire,A4074,Major,"LA Boundary",A4130,464320,182782,51.54028200,-1.07396280,14.70,9.13
47139,9,"South East",142,Oxfordshire,A4165,Major,A40(T),A4144,450460,210000,51.78639100,-1.26986930,3.50,2.17
47138,9,"South East",142,Oxfordshire,A4260,Major,"B4100 Junction Adderbury","B 4031 Junction Deddington",447200,234800,52.00963200,-1.31373940,4.30,2.67
47125,9,"South East",142,Oxfordshire,A420,Major,"Longwall St","A4158 Iffley Road roundabout",452000,206200,51.75208800,-1.24811320,0.40,0.25
47112,9,"South East",142,Oxfordshire,A415,Major,B4015,A4074,455098,195894,51.65913800,-1.20486460,2.50,1.55
47111,9,"South East",142,Oxfordshire,A415,Major,A40,A420,440545,199981,51.69711900,-1.41476520,12.70,7.89
47015,9,"South East",142,Oxfordshire,A361,Major,A424,A44,429300,220026,51.87803600,-1.57577410,17.00,10.56
46967,9,"South East",142,Oxfordshire,A338,Major,"Oxford Lane","A417 North of Wantage",440730,190240,51.60952811,-1.41322012,3.00,1.86
46956,9,"South East",142,Oxfordshire,A329,Major,"LA Boundary",A4130,460218,186518,51.57432200,-1.13246340,5.80,3.60
46476,9,"South East",142,Oxfordshire,A44,Major,"LA Boundary/ A436","A361 New Street",429150,227350,51.94389100,-1.57733570,5.10,3.17
46441,9,"South East",142,Oxfordshire,A40,Major,B4022,B4449,443510,210100,51.78787300,-1.37060590,5.80,3.60
46440,9,"South East",142,Oxfordshire,A40,Major,A418,M40/A329,464220,204000,51.73104500,-1.07151850,2.50,1.55
46370,9,"South East",142,Oxfordshire,A34,Major,"A420 Botley","road to North Hinksey Lane",449415,205371,51.74486800,-1.28567460,2.70,1.68
46369,9,"South East",142,Oxfordshire,A44,Major,"A44 London Rd",B4030,435000,225960,51.93105800,-1.49237450,4.70,2.92
38741,9,"South East",142,Oxfordshire,A422,Major,"B4100 Warwick Rd",A423,444950,241570,52.07068100,-1.34563020,1.40,0.87
38728,9,"South East",142,Oxfordshire,M40,Major,"8 / A418","M40 spur",462800,204700,51.73749800,-1.09195070,1.70,1.06
38712,9,"South East",142,Oxfordshire,A44,Major,A34(T),A4260,449250,211000,51.79548900,-1.28726790,0.40,0.25
38640,9,"South East",142,Oxfordshire,A338,Major,A415,A415,444200,197050,51.67049200,-1.36225570,0.10,0.06
38618,9,"South East",142,Oxfordshire,A361,Major,A422,"Castle St",445309,241236,52.06765000,-1.34043730,1.10,0.68
38516,9,"South East",142,Oxfordshire,A4130,Major,"Bell St","Hart  St",476200,182830,51.53923700,-0.90268574,0.40,0.25
38515,9,"South East",142,Oxfordshire,A4130,Major,"B4016 Broadway",A329,459400,189010,51.59681200,-1.14384470,9.40,5.84
38144,9,"South East",142,Oxfordshire,A420,Major,"LA Boundary","A 417 Junction SOUTH Faringdon",423429,189499,51.60384600,-1.66310420,11.70,7.27
37968,9,"South East",142,Oxfordshire,A420,Major,"Botley Road","Thames St/Speedwell St",450800,205902,51.74951800,-1.26553860,0.80,0.50
37772,9,"South East",142,Oxfordshire,A4183,Major,"Twelve Acre Drive roundabout",A34,450640,199850,51.69512300,-1.26873410,1.00,0.62
37762,9,"South East",142,Oxfordshire,A4144,Major,A423,"Thames Street",451600,204950,51.74088700,-1.25409220,2.20,1.37
37163,9,"South East",142,Oxfordshire,A4130,Major,"A4074 Junction  Wallingford","B 481 Junction Nettlebed",469760,186800,51.57575900,-0.99473998,8.70,5.41
37162,9,"South East",142,Oxfordshire,A4074,Major,B4015,"slip to Grenoble Rd",455274,199226,51.68907700,-1.20179420,4.90,3.04
37161,9,"South East",142,Oxfordshire,A4260,Major,A4095,"Langford Lane",448382,214872,51.83037500,-1.29931360,3.40,2.11
37147,9,"South East",142,Oxfordshire,A420,Major,A417,A417,429964,195191,51.65471500,-1.56826260,0.80,0.50
37143,9,"South East",142,Oxfordshire,A418,Major,A329,A40,466000,205310,51.74261500,-1.04550060,6.10,3.79
37138,9,"South East",142,Oxfordshire,A417,Major,"LA Boundary","A417 Gloucester St",425500,196980,51.67101900,-1.63265910,8.00,4.97
37133,9,"South East",142,Oxfordshire,A415,Major,A34(T),"A415 Stratton Way",447994,196868,51.66854500,-1.30742260,1.90,1.18
37036,9,"South East",142,Oxfordshire,A361,Major,B4022,B4031,439150,231570,51.98121800,-1.43138330,0.80,0.50
36980,9,"South East",142,Oxfordshire,A329,Major,B480,M40,461500,200400,51.69898500,-1.11153220,7.50,4.66
36442,9,"South East",142,Oxfordshire,A40,Major,A4144,A4165,450100,210200,51.78822200,-1.27505900,0.80,0.50
36369,9,"South East",142,Oxfordshire,A44,Major,"A 4095 BLADON","A4260 Rnbt WEST OF PEARTREE",446100,215470,51.83594400,-1.33234660,5.90,3.67
36040,9,"South East",142,Oxfordshire,M40,Major,6,"LA Boundary",473700,196400,51.66155900,-0.93587883,2.90,1.80
28774,9,"South East",142,Oxfordshire,M40,Major,"LA Boundary",11,445573,243636,52.08920400,-1.33626650,6.30,3.91
28756,9,"South East",142,Oxfordshire,A34,Major,"A44 PEARREE  INTERCHANGE","B 430  WESTON ON THE GREEN",451730,215400,51.83482300,-1.25065500,8.60,5.34
28458,9,"South East",142,Oxfordshire,A4130,Major,"A4130 Thames Side",A4155,476200,182660,51.53770900,-0.90272249,0.20,0.12
28457,9,"South East",142,Oxfordshire,A4260,Major,A4095,A4095,447170,217350,51.85275700,-1.31656290,0.20,0.12
28264,9,"South East",142,Oxfordshire,A415,Major,A4183,"A415 Bridge St/High St",449806,197140,51.67083300,-1.28118520,0.30,0.19
27902,9,"South East",142,Oxfordshire,A417,Major,"A417 Gravel Walk/Marlborough St",A420,428800,194950,51.65260800,-1.58510780,1.30,0.81
27721,9,"South East",142,Oxfordshire,A44,Major,"A 40","A34 PEARTREE",449605,210350,51.78961400,-1.28221350,1.00,0.62
27716,9,"South East",142,Oxfordshire,A4130,Major,"A34 Milton",A417,447820,190000,51.60681300,-1.31087450,3.00,1.86
27700,9,"South East",142,Oxfordshire,A4095,Major,A44,A4260,446000,215782,51.83875700,-1.33375650,2.10,1.30
27138,9,"South East",142,Oxfordshire,A424,Major,A361,"LA Boundary",424785,214987,51.83295000,-1.64172020,7.80,4.85
27135,9,"South East",142,Oxfordshire,A4144,Major,"Hythe Bridge St/Wocester St","A4165 St Giles",451010,206510,51.75496500,-1.26240790,0.80,0.50
27134,9,"South East",142,Oxfordshire,A4260,Major,B4030,B4031,446790,229700,51.96381800,-1.32040650,6.90,4.29
27122,9,"South East",142,Oxfordshire,A420,Major,"A415 Rnbt Kingston Bagpuize","A417 Junction FARINGDON",440590,198690,51.68550800,-1.41426400,12.20,7.58
27121,9,"South East",142,Oxfordshire,A420,Major,A34(T),"Hollybush Row",449937,206209,51.75235600,-1.27799450,2.40,1.49
27106,9,"South East",142,Oxfordshire,A415,Major,"A420 Kingston Bagpuize",A338,443592,197192,51.67181600,-1.37102920,4.20,2.61
27010,9,"South East",142,Oxfordshire,A44,Major,"New St","London Rd",431400,227210,51.94251000,-1.54461660,0.30,0.19
26642,9,"South East",142,Oxfordshire,A40,Major,"A329 MILTON COMMON","LA Boundary",470540,200000,51.69432800,-0.98083055,12.00,7.46
26440,9,"South East",142,Oxfordshire,A40,Major,"LA Boundary","A361  Roundabout  BURFORD",423478,212151,51.80750800,-1.66087860,3.00,1.86
26439,9,"South East",142,Oxfordshire,A40,Major,"A415 WITNEY","B4022  Junction WITNEY",436000,208660,51.77545800,-1.47962740,3.30,2.05
26438,9,"South East",142,Oxfordshire,A40,Major,"A4142 Oxford Green Road Rnbt",A418,459690,206042,51.74990200,-1.13675330,6.80,4.23
26365,9,"South East",142,Oxfordshire,A34,Major,A4183,A423,451513,201497,51.70985100,-1.25586180,3.60,2.24
26364,9,"South East",142,Oxfordshire,A44,Major,B4030,B4022,437940,224000,51.91324500,-1.44983300,1.20,0.75
18642,9,"South East",142,Oxfordshire,A422,Major,M40,"LA Boundary",447381,241781,52.07237600,-1.31013750,0.80,0.50
18628,9,"South East",142,Oxfordshire,M40,Major,10,9,454870,221080,51.88558700,-1.20418910,9.00,5.59
18516,9,"South East",142,Oxfordshire,A422,Major,A4260,"Wildmere Rd",446600,241743,52.07210100,-1.32153630,0.80,0.50
18225,9,"South East",142,Oxfordshire,A417,Major,A338,A338,440000,187880,51.58836000,-1.42402970,0.30,0.19
18220,9,"South East",142,Oxfordshire,M40,Major,8,A40,462000,204847,51.73890900,-1.10350840,2.50,1.55
17629,9,"South East",142,Oxfordshire,A4158,Major,A4142,A420,452770,205000,51.74122700,-1.23714140,3.20,1.99
17621,9,"South East",142,Oxfordshire,A423,Major,"Abingdon Rd",A4144,451900,203500,51.72782470,-1.24996351,0.50,0.31
17603,9,"South East",142,Oxfordshire,A4095,Major,A417,"Deer Park Rd, Witney",428500,200000,51.69802800,-1.58903350,17.50,10.87
17602,9,"South East",142,Oxfordshire,A4095,Major,B430,B4030,453627,222153,51.89535400,-1.22208060,3.90,2.42
17067,9,"South East",142,Oxfordshire,A4074,Major,A415,B4015,456000,197648,51.67481800,-1.19154550,2.10,1.30
17066,9,"South East",142,Oxfordshire,A4165,Major,A4260,"Jordan Hill",450000,212000,51.80441300,-1.27624980,1.70,1.06
17052,9,"South East",142,Oxfordshire,A420,Major,"A415 Junction Kingston Bagpuize","A 338 Junction",443985,199680,51.69415400,-1.36503390,5.10,3.17
17051,9,"South East",142,Oxfordshire,A420,Major,"The Plain","A420 London Rd",455000,207310,51.76178100,-1.20448330,3.60,2.24
17044,9,"South East",142,Oxfordshire,A417,Major,A420(T),"Warmans Close",430035,195200,51.65479200,-1.56723560,12.20,7.58
17038,9,"South East",142,Oxfordshire,A415,Major,"Abingdon Stert St","B 4015 Clifton Hampden",450000,196800,51.66775900,-1.27842870,6.20,3.85
17037,9,"South East",142,Oxfordshire,A4095,Major,A415,B4022,434540,210000,51.78759700,-1.50065450,2.30,1.43
16942,9,"South East",142,Oxfordshire,A361,Major,A3400,"B 4022",435800,230000,51.96732900,-1.48032050,6.70,4.16
16895,9,"South East",142,Oxfordshire,A338,Major,A415,A420,445000,200000,51.69695100,-1.35030890,3.80,2.36
16883,9,"South East",142,Oxfordshire,A329,Major,M40,A418,469200,205500,51.74393800,-0.99912358,4.90,3.04
16428,9,"South East",142,Oxfordshire,A41,Major,"LA Boundary",B4100,460000,220570,51.88047500,-1.12975170,5.40,3.36
16427,9,"South East",142,Oxfordshire,A4260,Major,"B4100 Adderbury","Weeping Cross, Banbury",447000,237350,52.03257400,-1.31630380,2.20,1.37
16409,9,"South East",142,Oxfordshire,A40,Major,B4449,A44,444000,210190,51.78864400,-1.36349110,6.30,3.91
16336,9,"South East",142,Oxfordshire,A34,Major,"A4130 Milton","A4185 Chilton",449730,190000,51.60664800,-1.28329640,6.20,3.85
16335,9,"South East",142,Oxfordshire,A34,Major,"A44 Peartree","A 420 Junction, Botley",448089,208987,51.77749200,-1.30437960,4.90,3.04
16334,9,"South East",142,Oxfordshire,A44,Major,A44,A361,433597,227242,51.94267000,-1.51265380,1.40,0.87
8660,9,"South East",142,Oxfordshire,A41,Major,B4100,B4030,458210,221710,51.89091300,-1.15556100,1.50,0.93
8659,9,"South East",142,Oxfordshire,A422,Major,B4100,B4100,444000,241272,52.06807800,-1.35952730,1.00,0.62
8596,9,"South East",142,Oxfordshire,A4074,Major,"A4130 Crowmarsh gifford Rnbt","B 4009 Junction BENSON",462000,190000,51.60543300,-1.10613890,4.80,2.98
8430,9,"South East",142,Oxfordshire,A4130,Major,"A4130 / A4155 Rnbt","New St / Bell St Junction",476080,182950,51.54033200,-0.90438975,0.20,0.12
8236,9,"South East",142,Oxfordshire,A415,Major,"A415 Ock St",A4183,449600,197255,51.67188500,-1.28414750,0.40,0.25
8060,9,"South East",142,Oxfordshire,A4130,Major,"A34 Milton Heights",B4493,450000,191345,51.61871600,-1.27920650,3.50,2.17
7879,9,"South East",142,Oxfordshire,A418,Major,A329,"LA Boundary",469233,205843,51.74701700,-0.99857753,1.30,0.81
7878,9,"South East",142,Oxfordshire,A415,Major,A4095,A40,435030,209000,51.77857600,-1.49365160,1.30,0.81
7658,9,"South East",142,Oxfordshire,A4144,Major,A4165,A40(T),450000,209775,51.78441000,-1.27656980,3.80,2.36
7657,9,"South East",142,Oxfordshire,A4142,Major,A4158,"Horspath Driftway",455000,203440,51.72698900,-1.20509400,3.30,2.05
7637,9,"South East",142,Oxfordshire,A4095,Major,"Early Rd, Witney",A44,440000,213400,51.81780300,-1.42111030,11.50,7.15
7106,9,"South East",142,Oxfordshire,A423,Major,"A4142 / A4074 Heyford hill",A4144,452760,203000,51.72324800,-1.23758880,1.50,0.93
7105,9,"South East",142,Oxfordshire,A4260,Major,A4095,B4030,446260,220000,51.87665700,-1.32941980,7.90,4.91
7098,9,"South East",142,Oxfordshire,A41,Major,"M40 Junction 9","BICESTER BP",455627,219558,51.87183000,-1.19343650,3.70,2.30
7091,9,"South East",142,Oxfordshire,A420,Major,"A338 Tobney Wood","A34 Botley",446520,204200,51.73458700,-1.32775870,7.80,4.85
6977,9,"South East",142,Oxfordshire,A361,Major,A40(T),A424,425100,212000,51.80608000,-1.63736450,1.00,0.62
6976,9,"South East",142,Oxfordshire,A361,Major,B4031,"Waller Drive, Banbury",440210,232955,51.99359400,-1.41578860,9.40,5.84
6925,9,"South East",142,Oxfordshire,A329,Major,A4074,B480,460000,195360,51.65383700,-1.13409780,7.10,4.41
6434,9,"South East",142,Oxfordshire,A40,Major,B4047,A415,430000,209710,51.78525100,-1.56649650,6.60,4.10
6363,9,"South East",142,Oxfordshire,A34,Major,A415,A4183,450120,200000,51.69651800,-1.27623530,4.60,2.86
